date,symbol,name,Close,market_regime,fundamental_rank_score,fundamental_rank,fundamental_score,final_score,technical_score,stable_ensemble_score,rs20_rank_pct,rs60_rank_pct,ret5,ret20,ret60,rsi14,volume_ratio,ma20_deviation
2026-07-24,2059.TW,川湖,7735.0,bull,-1.0,1.0,100.0,79.48854190065575,72.65138920087432,0.1545284828807556,0.0842592592592592,0.0148285449490268,-0.0196451204055766,0.1065808297567953,0.859375,49.29178470254958,1.065985672285333,-0.030397994359135
2026-07-24,6177.TW,達麗,48.54999923706055,bull,-43.0,43.0,87.89986336679576,70.38403232334076,64.54542197552244,0.7691591478696742,0.1629629629629629,0.3716404077849861,0.0221052470960114,0.0635267823493419,0.0531453545343347,70.08546228274153,0.6262336016536562,0.0447038527084318
2026-07-24,2395.TW,研華,581.0,bull,-49.0,49.0,87.43653384699755,85.55116119707588,84.92270364710201,0.4280353910159105,0.0194444444444444,0.0370713623725671,0.1325536062378167,0.2755214050493964,0.5874316939890711,69.02947078820479,1.214380186030946,0.1028154443832969
2026-07-24,8464.TW,億豐,370.0,bull,-62.0,62.0,84.51846605538479,67.6372319261134,62.010153883022944,0.6426847449752422,0.1833333333333333,0.3734939759036144,0.0306406685236768,0.0556348074179742,0.0526315789473683,50.0,0.5724498729614894,0.0221700393673596
2026-07-24,9942.TW,茂順,124.0,bull,-66.0,66.0,83.11611500419343,68.68568121418669,63.875536617517774,0.7608789324710378,0.1601851851851851,0.3410565338276182,0.0081300813008129,0.0643776824034334,0.0643776824034334,72.0,0.5923496987236664,0.0264900662251654
2026-07-24,2527.TW,宏璟,46.150001525878906,bull,-75.0,75.0,82.24426248497689,80.34680129513893,79.71431423185962,0.6990577458256031,0.0601851851851851,0.0917516218721038,-0.0405404783804997,0.1437423363343548,0.3357453703320332,56.94716756895569,1.0231500073162816,0.0374866890262426
2026-07-24,3416.TW,融程電,183.5,bull,-88.0,88.0,79.62654194597235,74.70746793614714,73.06777659953873,0.4709121867394154,0.05,0.1362372567191844,0.1327160493827159,0.1577588001216114,0.2173220133649911,47.51773049645389,2.171279691146572,0.0328124653248771
2026-07-24,5515.TW,建國,43.54999923706055,bull,-104.0,104.0,76.63848749386133,77.97787796100214,78.42434145004907,0.8224735621521336,0.1314814814814814,0.1797961075069508,0.0468750200592564,0.0766377853065785,0.1724226922965932,65.12819128395513,1.292720592355004,0.0481347542032419
2026-07-24,8341.TW,日友,77.0,bull,-134.0,134.0,73.16523557009408,65.43154592771988,62.85364938026182,0.5552942481016251,0.2305555555555555,0.2900834105653382,0.0118265643091302,0.0391363236922563,0.0849805059120831,50.0,1.152928476960031,0.0089759680367402
2026-07-24,1733.TW,五鼎,32.04999923706055,bull,-137.0,137.0,72.99324516078546,73.14933655377997,73.20136701811148,0.6847704704564969,0.0824074074074074,0.1844300278035217,0.0288924439663518,0.1089965280314582,0.1674848740825825,70.93022740035435,1.1756448723654385,0.045847591988517
2026-07-24,1808.TW,潤隆,32.25,bull,-149.0,149.0,72.1127428848662,72.95604695617737,73.23714831328111,0.81586850709947,0.1907407407407407,0.2724745134383688,0.001552771300493,0.053921555488916,0.0932203389830508,57.57576224634175,1.1299222980327597,0.0419190740363848
2026-07-24,5288.TW,豐祥-KY,194.0,bull,-163.0,163.0,70.01559901846518,74.56075357329351,76.07580509156962,0.4450138724911452,0.0879629629629629,0.2187210379981464,0.051490514905149,0.1054131054131053,0.1378299120234605,57.42574257425742,0.6024051438816205,0.0378494048415138
2026-07-24,6670.TW,復盛應用,267.5,bull,-168.0,168.0,69.78295043229787,68.41752322112202,67.96238081739675,0.5670264261202205,0.1583333333333333,0.23725671918443,0.0308285163776493,0.0657370517928286,0.1197365602269866,69.04761904761905,0.8415180507660515,0.0310271728656774
2026-07-24,2027.TW,大成鋼,43.54999923706055,bull,-180.0,180.0,67.77515994414823,65.49801551659144,64.7389673740725,0.5511343415356573,0.1064814814814814,0.2242817423540315,0.0713406544237253,0.0914786358796069,0.1326397496209361,67.87342016263531,0.5859892171715803,0.0741310666968837
2026-07-24,6598.TW,ABC-KY,27.700000762939453,bull,-181.0,181.0,67.77168793520316,83.43676534392301,88.6584578134963,0.8382006591892956,0.0259259259259259,0.1149212233549582,0.0018083596780835,0.2149123548177203,0.2619589886169089,67.45098338407628,1.5372430588946016,0.1224800158712429
2026-07-24,6277.TW,宏正,78.0,bull,-199.0,199.0,66.12491163281756,66.86486250634364,67.11151279751901,0.6849193722943723,0.0675925925925925,0.2418906394810009,0.0,0.1320754466268499,0.1158798039671322,66.59329755548447,0.663255544254539,0.0768159794876546
2026-07-24,5306.TW,桂盟,90.9000015258789,bull,-219.0,219.0,64.26179889626455,72.01849453280782,74.60405974498892,0.4634730421094057,0.1166666666666666,0.2344763670064875,-0.0521376425489495,0.0838830858237953,0.1236829355681408,58.69565217391303,0.6752649778373079,0.0183162647229728
2026-07-24,6606.TW,建德工業,26.0,bull,-226.0,226.0,63.7605672758917,65.60218634248776,66.21605936468644,0.6096224269182513,0.1888888888888888,0.2465245597775718,0.0038610186464318,0.0547667506029037,0.109883036145669,69.09089521928261,0.7869704443409623,0.0244286832332771
2026-07-24,2637.TW,慧洋-KY,83.80000305175781,bull,-238.0,238.0,62.80204855376821,78.0700906353593,83.15943799588968,0.3514298012593467,0.0435185185185185,0.1316033364226135,0.0554156352811254,0.168758809184472,0.223315879880237,62.61683409157917,0.997655979820183,0.0546187114318492
2026-07-24,1732.TW,毛寶,28.0,bull,-241.0,241.0,62.10935117561258,70.46888738538865,73.255399455314,0.7351570730243756,0.1305555555555555,0.309545875810936,0.0626185804418664,0.0769230769230768,0.0748560775451097,67.07318037625042,1.9114675047381424,0.0510510450308685
2026-07-24,2364.TW,倫飛,71.19999694824219,bull,-245.0,245.0,61.7822396932274,66.9838598325394,68.71773321231007,0.8726058333208794,0.0935185185185185,0.2455977757182576,0.0611028102437642,0.1021671614553532,0.1107644094092694,48.73417324218627,0.8488755785223435,0.0319587979298647
2026-07-24,2377.TW,微星,146.5,bull,-263.0,263.0,60.05362798212559,70.74595891722807,74.3100692289289,0.5672002937538652,0.0768518518518518,0.0546802594995366,0.0353356890459364,0.1140684410646388,0.4650000000000001,53.92156862745099,0.7072340022695999,0.0101706602309945
2026-07-24,2376.TW,技嘉,354.5,bull,-275.0,275.0,59.16561347732097,80.03435840763767,86.99060671774325,0.959302341597796,0.0796296296296296,0.1010194624652456,0.0907692307692307,0.109546165884194,0.3009174311926605,61.25,1.3729897037697656,0.0488941489755159
2026-07-24,6957.TW,裕慶-KY,240.0,bull,-286.0,286.0,57.7309173012778,77.11354047927281,83.5744148719378,0.7192461311978054,0.0166666666666666,0.0435588507877664,-0.0263691683569979,0.2903225806451612,0.518987341772152,70.0,1.338953497825486,0.088065283917035
2026-07-24,3413.TW,京鼎,327.5,bull,-292.0,292.0,56.561036132141794,62.73249335493845,64.78964576253733,0.5022990456513183,0.1009259259259259,0.2873030583873957,-0.1172506738544474,0.0953177257525084,0.0858342179149815,50.53475935828877,0.7361390675479597,-0.0379672468238232
2026-07-24,9945.TW,潤泰新,26.100000381469727,bull,-296.0,296.0,56.447152500431685,56.43713582624934,56.43379693485522,0.143703006395314,0.2935185185185185,0.2752548656163114,-0.0057142711821056,0.0236960439189513,0.0920502425963945,57.95455136574778,0.5864238108521903,0.0060546713598523
2026-07-24,2606.TW,裕民,64.0,bull,-303.0,303.0,55.37983321173965,62.62756388768601,65.04347411300147,0.3049158795749704,0.1379629629629629,0.2548656163113994,0.0526315921561542,0.0738255308477808,0.1038448202467414,56.81818247498265,1.352831468580369,0.0271224610582985
2026-07-24,2832.TW,台產,56.400001525878906,bull,-306.0,306.0,55.14019466216183,58.03867856977277,59.00483987230975,0.4095146103896104,0.374074074074074,0.190917516218721,0.0,0.0107527293373126,0.162943432040759,45.6140327394895,0.5604233017625153,-0.001946535171782
2026-07-24,9944.TW,新麗,17.899999618530273,bull,-313.0,313.0,54.04006958175547,58.601475168163816,60.1219436969666,0.701401072412436,0.2962962962962963,0.2409638554216867,-0.0027855789573232,0.0228571210588728,0.1169314325445065,46.87498882413177,0.5436787517764808,0.0004191476567718
2026-07-24,2923.TW,鼎固-KY,33.20000076293945,bull,-317.0,317.0,53.57592567176444,79.98714220342872,88.79088104731682,0.7913622097599371,0.0083333333333333,0.0444856348470806,-0.0726256572494433,0.4008438689527593,0.5125284559896046,64.71962910446504,1.1218454000216542,0.0992467777459611
